[{"pk": 1, "model": "motsdits.category", "fields": {"name": "Music Festivals", "parent": null, "created": "2013-11-05T00:06:42Z", "created_by": 1, "approved": false, "slug": "music-festivals"}}, {"pk": 2, "model": "motsdits.category", "fields": {"name": "Montreal Eats", "parent": null, "created": "2013-11-05T00:09:53Z", "created_by": 1, "approved": false, "slug": "montreal-eats"}}, {"pk": 3, "model": "motsdits.category", "fields": {"name": "Festivals", "parent": null, "created": "2013-11-05T00:10:31Z", "created_by": 1, "approved": true, "slug": "festivals"}}, {"pk": 4, "model": "motsdits.category", "fields": {"name": "Boroughs", "parent": null, "created": "2013-11-05T00:11:10Z", "created_by": 1, "approved": false, "slug": "boroughs"}}, {"pk": 5, "model": "motsdits.category", "fields": {"name": "Museums", "parent": null, "created": "2013-11-05T10:43:15Z", "created_by": 1, "approved": false, "slug": "museums"}}, {"pk": 6, "model": "motsdits.category", "fields": {"name": "Streets", "parent": null, "created": "2013-11-05T12:20:31Z", "created_by": 1, "approved": false, "slug": "streets"}}, {"pk": 7, "model": "motsdits.category", "fields": {"name": "Parks", "parent": null, "created": "2013-11-05T12:21:25Z", "created_by": 1, "approved": false, "slug": "parks"}}, {"pk": 1, "model": "motsdits.tag", "fields": {"name": "test", "slug": "awesome-possum", "approved": false, "created_by": 1, "created": "2013-11-05T22:18:22Z"}}, {"pk": 1, "model": "motsdits.motdit", "fields": {"category": [1], "name": "Osheaga", "created": "2013-11-05T00:06:33Z", "top_photo": 2, "tags": [], "created_by": 1, "approved": true, "top_opinion": 4, "recommendations": [1], "slug": "osheaga"}}, {"pk": 2, "model": "motsdits.motdit", "fields": {"category": [2], "name": "Schwartz Hebrew Delicatessen", "created": "2013-11-05T00:09:32Z", "top_photo": 1, "tags": [], "created_by": 1, "approved": false, "top_opinion": 7, "recommendations": [1], "slug": "schwartzs-hebrew-delicatessen"}}, {"pk": 3, "model": "motsdits.motdit", "fields": {"category": [3], "name": "Canadian Festival of Spoken Word", "created": "2013-11-05T00:10:18Z", "top_photo": 4, "tags": [], "created_by": 1, "approved": true, "top_opinion": 2, "recommendations": [1], "slug": "canadian-festival-of-spoken-word"}}, {"pk": 4, "model": "motsdits.motdit", "fields": {"category": [4], "name": "The Plateau", "created": "2013-11-05T00:10:57Z", "top_photo": 3, "tags": [], "created_by": 1, "approved": true, "top_opinion": 5, "recommendations": [1], "slug": "the-plateau"}}, {"pk": 5, "model": "motsdits.motdit", "fields": {"category": [2], "name": "Aux Vivres", "created": "2013-11-05T10:41:22Z", "top_photo": 13, "tags": [], "created_by": 1, "approved": false, "top_opinion": null, "recommendations": [], "slug": "aux-vivres"}}, {"pk": 6, "model": "motsdits.motdit", "fields": {"category": [2], "name": "Dunns Famous Smoked Meat", "created": "2013-11-05T10:41:37Z", "top_photo": 12, "tags": [], "created_by": 1, "approved": false, "top_opinion": null, "recommendations": [], "slug": "dunns-famous-smoked-meat"}}, {"pk": 7, "model": "motsdits.motdit", "fields": {"category": [4], "name": "Little Italy", "created": "2013-11-05T10:41:52Z", "top_photo": 11, "tags": [], "created_by": 1, "approved": false, "top_opinion": null, "recommendations": [], "slug": "little-italy"}}, {"pk": 8, "model": "motsdits.motdit", "fields": {"category": [4], "name": "Vieux Port", "created": "2013-11-05T10:42:06Z", "top_photo": 10, "tags": [], "created_by": 1, "approved": false, "top_opinion": null, "recommendations": [], "slug": "vieux-port"}}, {"pk": 9, "model": "motsdits.motdit", "fields": {"category": [4], "name": "Parc Ex", "created": "2013-11-05T10:42:18Z", "top_photo": 9, "tags": [], "created_by": 1, "approved": false, "top_opinion": null, "recommendations": [], "slug": "parc-ex"}}, {"pk": 10, "model": "motsdits.motdit", "fields": {"category": [3], "name": "Montreal Jazz Festival", "created": "2013-11-05T10:42:29Z", "top_photo": 8, "tags": [], "created_by": 1, "approved": false, "top_opinion": null, "recommendations": [], "slug": "montreal-jazz-festival"}}, {"pk": 11, "model": "motsdits.motdit", "fields": {"category": [3], "name": "Just For Laughs", "created": "2013-11-05T10:42:44Z", "top_photo": 7, "tags": [], "created_by": 1, "approved": false, "top_opinion": null, "recommendations": [], "slug": "just-for-laughs"}}, {"pk": 12, "model": "motsdits.motdit", "fields": {"category": [5], "name": "Biodome", "created": "2013-11-05T10:43:43Z", "top_photo": 6, "tags": [], "created_by": 1, "approved": false, "top_opinion": null, "recommendations": [], "slug": "biodome"}}, {"pk": 13, "model": "motsdits.motdit", "fields": {"category": [5], "name": "Redpath", "created": "2013-11-05T10:43:55Z", "top_photo": 5, "tags": [], "created_by": 1, "approved": false, "top_opinion": null, "recommendations": [], "slug": "redpath"}}, {"pk": 14, "model": "motsdits.motdit", "fields": {"category": [6], "name": "Boulevard St Laurent", "created": "2013-11-05T12:21:11Z", "top_photo": 18, "tags": [], "created_by": 1, "approved": false, "top_opinion": null, "recommendations": [], "slug": "boulevart-st-laurent"}}, {"pk": 15, "model": "motsdits.motdit", "fields": {"category": [7], "name": "Parc Lafontaine", "created": "2013-11-05T12:21:34Z", "top_photo": 17, "tags": [], "created_by": 1, "approved": false, "top_opinion": null, "recommendations": [], "slug": "parc-lafontaine"}}, {"pk": 16, "model": "motsdits.motdit", "fields": {"category": [2], "name": "Montreal Bagels", "created": "2013-11-05T12:21:46Z", "top_photo": 15, "tags": [], "created_by": 1, "approved": false, "top_opinion": null, "recommendations": [], "slug": "montreal-bagels"}}, {"pk": 17, "model": "motsdits.motdit", "fields": {"category": [2], "name": "La Banquise", "created": "2013-11-05T12:21:56Z", "top_photo": 14, "tags": [1], "created_by": 1, "approved": false, "top_opinion": null, "recommendations": [], "slug": "la-banquise"}}, {"pk": 1, "model": "motsdits.opinion", "fields": {"format": "H", "motdit": 1, "created": "2013-11-05T00:15:23Z", "created_by": 2, "text": "This festival is awesome! I went to it in 1965 and the Beatles played onstage with the Monkees. Then the Monkees ate the Beatles, and then started throwing guitars at the crowd.\r\n\r\nOr maybe that was a dream I had?", "approvals": [], "approved": false}}, {"pk": 2, "model": "motsdits.opinion", "fields": {"format": "H", "motdit": 3, "created": "2013-11-05T00:16:15Z", "created_by": 3, "text": "CFSW is usually hosted elsewhere, but this year it is in Montreal, and we are rocking it! Hundreds of Poets, slams every night. #winning", "approvals": [], "approved": false}}, {"pk": 3, "model": "motsdits.opinion", "fields": {"format": "H", "motdit": 4, "created": "2013-11-05T00:16:50Z", "created_by": 3, "text": "Worst place ever. There are no bars, no good food, and everybody is super wealthy. Don't go there.", "approvals": [], "approved": false}}, {"pk": 4, "model": "motsdits.opinion", "fields": {"format": "H", "motdit": 1, "created": "2013-11-05T00:24:34Z", "created_by": 3, "text": "I hate Osheaga", "approvals": [], "approved": false}}, {"pk": 5, "model": "motsdits.opinion", "fields": {"format": "H", "motdit": 4, "created": "2013-11-05T00:24:48Z", "created_by": 2, "text": "The plateau rules!", "approvals": [], "approved": false}}, {"pk": 6, "model": "motsdits.opinion", "fields": {"format": "H", "motdit": 16, "created": "2013-11-05T00:25:07Z", "created_by": 1, "text": "As a resident of the plateau, I tend to agree that it rules. But I am le bias", "approvals": [], "approved": false}}, {"pk": 7, "model": "motsdits.opinion", "fields": {"format": "T", "motdit": 2, "created": "2013-11-05T01:34:20Z", "created_by": 3, "text": "NOM NOM NOM", "approvals": [], "approved": false}}, {"pk": 1, "model": "motsdits.photo", "fields": {"title": "Best smoked meat in the world!", "motdit": 2, "created": "2013-11-05T00:19:09Z", "created_by": 2, "likes": [], "photo": "motsdits/schwartz.jpg", "approved": false}}, {"pk": 2, "model": "motsdits.photo", "fields": {"title": "Crazy concert!", "motdit": 1, "created": "2013-11-05T00:21:30Z", "created_by": 3, "likes": [], "photo": "motsdits/osheaga.jpg", "approved": false}}, {"pk": 3, "model": "motsdits.photo", "fields": {"title": "Where to find the plateau", "motdit": 4, "created": "2013-11-05T00:22:32Z", "created_by": 1, "likes": [], "photo": "motsdits/plateau.png", "approved": false}}, {"pk": 4, "model": "motsdits.photo", "fields": {"title": "Throw Poetry Collective's CFSW team!", "motdit": 3, "created": "2013-11-05T00:24:12Z", "created_by": 3, "likes": [], "photo": "motsdits/cfsw.jpg", "approved": false}}, {"pk": 5, "model": "motsdits.photo", "fields": {"title": "Redpath Museum", "motdit": 13, "created": "2013-11-05T10:50:43Z", "created_by": 1, "likes": [], "photo": "motsdits/redpath.jpg", "approved": false}}, {"pk": 6, "model": "motsdits.photo", "fields": {"title": "Montreal Biodome", "motdit": 12, "created": "2013-11-05T10:53:07Z", "created_by": 1, "likes": [], "photo": "motsdits/biodome.jpg", "approved": false}}, {"pk": 7, "model": "motsdits.photo", "fields": {"title": "Juste pour rire", "motdit": 11, "created": "2013-11-05T10:53:32Z", "created_by": 1, "likes": [], "photo": "motsdits/jfl.jpg", "approved": false}}, {"pk": 8, "model": "motsdits.photo", "fields": {"title": "Jazz Fest", "motdit": 10, "created": "2013-11-05T10:54:23Z", "created_by": 1, "likes": [], "photo": "motsdits/jazzfest.jpg", "approved": false}}, {"pk": 9, "model": "motsdits.photo", "fields": {"title": "", "motdit": 9, "created": "2013-11-05T10:55:02Z", "created_by": 1, "likes": [], "photo": "motsdits/parc-ex.png", "approved": false}}, {"pk": 10, "model": "motsdits.photo", "fields": {"title": "", "motdit": 8, "created": "2013-11-05T10:55:24Z", "created_by": 1, "likes": [], "photo": "motsdits/vieuxport.jpg", "approved": false}}, {"pk": 11, "model": "motsdits.photo", "fields": {"title": "", "motdit": 7, "created": "2013-11-05T10:55:39Z", "created_by": 1, "likes": [], "photo": "motsdits/littleitaly.jpg", "approved": false}}, {"pk": 12, "model": "motsdits.photo", "fields": {"title": "", "motdit": 6, "created": "2013-11-05T10:55:55Z", "created_by": 1, "likes": [], "photo": "motsdits/dunns.jpg", "approved": false}}, {"pk": 13, "model": "motsdits.photo", "fields": {"title": "Best vegan food in the plateau", "motdit": 5, "created": "2013-11-05T10:56:25Z", "created_by": 1, "likes": [], "photo": "motsdits/auxvivres.jpg", "approved": false}}, {"pk": 14, "model": "motsdits.photo", "fields": {"title": "La taquise, the best vege poutine in the world", "motdit": 17, "created": "2013-11-05T12:22:24Z", "created_by": 1, "likes": [], "photo": "motsdits/banquise.jpg", "approved": false}}, {"pk": 15, "model": "motsdits.photo", "fields": {"title": "Head to St Viateur or Fairmount for fresh baked bagels!", "motdit": 16, "created": "2013-11-05T12:23:11Z", "created_by": 1, "likes": [], "photo": "motsdits/bagel.jpg", "approved": false}}, {"pk": 17, "model": "motsdits.photo", "fields": {"title": "Get your skates on!", "motdit": 15, "created": "2013-11-05T12:23:45Z", "created_by": 1, "likes": [], "photo": "motsdits/lafontaine.jpg", "approved": false}}, {"pk": 18, "model": "motsdits.photo", "fields": {"title": "The main, to locals.", "motdit": 14, "created": "2013-11-05T12:24:22Z", "created_by": 1, "likes": [], "photo": "motsdits/stlaurent.jpg", "approved": false}}, {"pk": 1, "model": "motsdits.activity", "fields": {"created": "2013-11-06T03:37:42Z", "object_id": 1, "created_by": 1, "content_type": 10, "approved": false, "activity_type": "motdit-add"}}, {"pk": 2, "model": "motsdits.activity", "fields": {"created": "2013-11-06T03:56:06Z", "object_id": 2, "created_by": 1, "content_type": 10, "approved": false, "activity_type": "motdit-favourite"}}, {"pk": 3, "model": "motsdits.activity", "fields": {"created": "2013-11-06T04:12:58Z", "object_id": 1, "created_by": 1, "content_type": 15, "approved": false, "activity_type": "motdit-comment"}}, {"pk": 4, "model": "motsdits.activity", "fields": {"created": "2013-11-05T04:35:08Z", "object_id": 2, "created_by": 1, "content_type": 15, "approved": false, "activity_type": "motdit-comment"}}, {"pk": 5, "model": "motsdits.activity", "fields": {"created": "2013-11-05T04:35:46Z", "object_id": 3, "created_by": 1, "content_type": 10, "approved": false, "activity_type": "motdit-favourite"}}]